model,experiment,years,GMTemp,DMI mean,DMI stddev,Nino34 stddev,TIO mean,IOBM,DMI AnnCycAmp,EEIO mean,EEIO stddev,SASmonsoon area mean,SASmonsoon rain mean,SASmonsoon area stddev,SASmonsoon rain stddev,SAS rain ann,SAS rain jja,SAS rain djf,SAS rain jja stddev,SAS rain djf stddev,r(nino34.iod),r(iod.iobm),r(iod.eeio)
ACCESS-ESM1-5,abrupt4xCO2,149,19.1327,0.17357,0.447167,1.12363,32.1429,0.190337,2.4441,32.9217,0.386239,2.23049e+06,10.0406,202437,0.931421,3.61303,2.27739,3.12261,0.435178,0.572909,0.374963,0.122828,-0.35814
ACCESS-ESM1-5,lig127k-cal-adj,199,15.0638,-0.174537,0.424325,0.667553,28.0919,0.151156,3.17865,28.739,0.394313,2.9383e+06,7.78411,185754,1.03024,4.11991,1.79631,3.85332,0.28305,0.671086,0.180597,-0.243072,-0.739346
ACCESS-ESM1-5,piControl,899,14.4918,-0.554965,0.534671,0.767785,28.1246,0.159882,2.00866,29.0435,0.275651,2.3035e+06,10.2206,137152,0.660115,2.77789,1.76727,2.17242,0.306047,0.418105,0.182833,0.153597,-0.159665
AWI-ESM-1-1-LR,lgm-cal-adj,99,9.29536,-0.777239,0.468718,0.812731,24.3906,0.262722,2.08376,25.296,0.4161,3.27184e+06,7.08386,302751,0.353794,2.25004,1.07828,2.2108,0.268664,0.358809,0.151172,0.28285,0.182774
AWI-ESM-1-1-LR,lig127k-cal-adj,99,12.9112,-1.03703,0.630933,0.519056,26.0872,0.256002,2.06238,26.8472,0.474142,3.1889e+06,8.08954,252040,0.443901,3.59441,1.59297,4.16357,0.306906,0.316668,0.0563205,0.0703939,-0.111152
AWI-ESM-1-1-LR,midHolocene-cal-adj,99,12.6325,-1.19331,0.472018,0.627697,25.8077,0.228479,2.35301,26.4746,0.37277,2.91583e+06,7.62741,230113,0.462125,2.93323,0.932212,3.74134,0.233192,0.354589,0.323584,0.190119,0.230543
AWI-ESM-1-1-LR,piControl,99,13.0093,-1.32918,0.465755,0.666452,26.1497,0.243864,2.59649,26.7824,0.387588,3.14729e+06,7.97422,279652,0.381385,2.94216,1.05048,3.2752,0.286341,0.471988,0.227909,0.258472,0.1569
BCC-CSM1-1,abrupt4xCO2,149,18.5185,0.201382,0.343847,0.629246,30.8779,0.175375,2.11288,31.1984,0.352318,2.78919e+06,12.0408,170726,1.27238,3.44828,0.969068,3.10669,0.409351,0.720094,0.230868,-0.0578881,-0.591153
BCC-CSM1-1,midHolocene-cal-adj,99,13.6284,0.0613078,0.344098,0.663096,26.9447,0.168144,2.46683,27.359,0.340088,2.83253e+06,9.28421,230707,0.834797,2.77391,0.717412,2.6316,0.188253,0.443884,0.226125,-0.132852,-0.625129
BCC-CSM1-1,piControl,499,13.7105,-0.0341991,0.419824,0.695788,27.348,0.169339,2.40606,27.9149,0.377077,2.71749e+06,10.6648,200218,1.00438,2.57681,0.880975,2.29974,0.260861,0.478925,0.261998,-0.157789,-0.701657
CCSM4,abrupt4xCO2,149,18.0761,0.117995,0.608249,0.94619,31.1173,0.222118,1.53052,31.8583,0.463565,2.61777e+06,9.74074,306662,0.74089,4.17644,1.62533,4.73614,0.407974,0.636126,0.538993,-0.072924,-0.583394
CCSM4,lgm-cal-adj,100,8.41792,0.673468,0.583616,0.873097,25.4743,0.217999,1.95844,26.777,0.376703,2.58054e+06,7.32708,243113,0.31502,2.96133,1.61864,3.04229,0.344236,0.411293,0.362245,0.119731,-0.589374
CCSM4,midHolocene-cal-adj,300,13.131,0.248633,0.466534,1.00798,27.4511,0.243462,2.66298,28.1666,0.438536,2.53097e+06,8.3816,264294,0.489428,3.67399,1.25455,4.19917,0.264954,0.417457,0.490783,-0.182024,-0.711654
CCSM4,piControl,1050,13.334,0.0257551,0.607003,1.05023,27.7462,0.241117,1.83695,28.6391,0.411501,2.40825e+06,8.75592,245499,0.537577,3.69462,1.59513,3.92245,0.378642,0.455355,0.514451,0.040991,-0.548138
CESM2,abrupt4xCO2,148,21.074,0.367934,0.289847,0.67171,34.2725,0.196128,2.06702,35.2319,0.287862,2.72509e+06,9.31053,317391,0.79014,3.63286,1.70453,4.16884,0.408396,0.915534,-0.0333271,-0.130977,-0.202696
CESM2,lig127k-cal-adj,699,14.1054,-0.0986579,0.558744,0.913569,28.0942,0.21786,2.06687,29.2865,0.393005,2.99742e+06,9.8381,265666,0.694013,3.67646,1.25439,3.8857,0.230695,0.805942,0.403607,-0.0506244,-0.275427
CESM2,midHolocene-cal-adj,699,13.9035,0.0520961,0.600429,1.04081,27.9817,0.228877,1.59604,29.2176,0.378952,2.66065e+06,9.41174,331910,0.697837,3.15759,1.09237,3.48496,0.212523,0.707402,0.454015,0.144076,-0.222828
CESM2,piControl,499,14.052,-0.00957619,0.663273,1.14069,28.3466,0.23993,1.15736,29.6222,0.365812,2.68716e+06,10.0989,321207,0.641189,3.13267,1.34886,3.06565,0.278664,0.721443,0.387233,0.202618,-0.120239
CNRM-CM5,abrupt4xCO2,149,18.347,-0.0467505,0.674241,0.907346,30.6488,0.298098,1.79496,31.2777,0.471259,2.45275e+06,7.93664,253757,0.484567,3.49824,2.07366,3.5797,0.306423,0.453128,0.686643,-0.0544707,-0.661535
CNRM-CM5,lgm-cal-adj,199,10.5656,0.510918,0.578671,0.831491,25.6812,0.235971,2.54938,26.5334,0.373725,2.55189e+06,6.53212,203735,0.452954,2.81693,1.59186,2.72626,0.262268,0.346371,0.434227,0.0754384,-0.543841
CNRM-CM5,midHolocene-cal-adj,199,13.4434,0.0417689,0.543023,0.738694,26.9112,0.297553,2.34066,27.492,0.435054,2.28541e+06,7.13069,257487,0.532126,3.08383,1.51461,3.40518,0.252202,0.450432,0.415747,-0.0326656,-0.473162
CNRM-CM5,piControl,849,13.2004,-0.137365,0.622153,0.810513,26.9995,0.235197,2.16169,27.6995,0.399642,2.41674e+06,7.39986,256248,0.514355,2.94003,1.68682,2.98106,0.274421,0.365163,0.434413,0.0536395,-0.460174
CNRM-CM6-1,abrupt4xCO2,149,19.5346,0.129623,0.442855,0.980814,32.2772,0.270315,2.60036,32.7285,0.466042,2.32872e+06,9.7547,287810,0.858179,3.65499,1.49869,3.76899,0.278464,0.457131,0.174813,-0.176846,-0.5523
CNRM-CM6-1,lig127k-cal-adj,300,13.3501,-0.0263278,0.482623,0.650003,27.382,0.211777,2.8625,27.8702,0.535943,2.524e+06,8.58553,265856,0.84066,3.9211,1.40963,3.8783,0.277437,0.39848,0.213947,-0.205476,-0.732773
CNRM-CM6-1,piControl,499,12.8577,-0.0610412,0.588645,0.845644,27.2232,0.231713,2.51774,27.8691,0.514975,2.30746e+06,9.61581,222012,0.84408,3.2479,1.33976,3.02439,0.279751,0.45022,0.219932,-0.00976088,-0.653102
COSMOS-ASO,lgm-cal-adj,599,6.97033,-1.15615,0.514315,1.78477,23.628,0.610555,2.82352,24.9744,0.649884,1.94862e+06,5.18995,275981,0.377709,2.3208,1.21915,2.52522,0.502404,0.602187,0.265482,0.323518,0.234031
COSMOS-ASO,piControl,399,12.4407,-1.29929,0.537102,1.78083,27.0059,0.441979,2.16612,28.116,0.500062,2.19575e+06,6.49173,228445,0.394225,2.58979,0.930064,3.00249,0.409856,0.561771,0.285779,0.500461,0.399899
CSIRO-Mk3-6-0,abrupt4xCO2,148,18.2434,0.157294,0.615072,0.966189,31.9268,0.234342,3.83608,33.2743,0.549442,2.75141e+06,12.2124,279353,1.14157,2.22115,1.04932,2.91852,0.23239,0.541047,-0.299988,-0.067257,-0.602879
CSIRO-Mk3-6-0,midHolocene-cal-adj,99,12.8117,-0.892913,1.02384,0.80598,26.7823,0.227054,3.24809,28.3062,0.671068,2.4257e+06,8.88085,356259,0.663941,2.07293,0.778058,2.59809,0.241157,0.593431,0.258011,0.105663,-0.469713
CSIRO-Mk3-6-0,piControl,499,12.7337,-1.19285,0.753027,0.680119,26.9827,0.211158,1.97738,28.6558,0.37485,2.55561e+06,10.1578,332987,0.692951,1.80774,0.717625,2.06278,0.213472,0.435988,0.26132,0.223926,0.222408
CSIRO-Mk3L-1-2,midHolocene-cal-adj,499,14.0929,0.245093,0.50555,0.44106,27.7859,0.2037,2.0335,28.5508,0.376254,1.81824e+06,7.11293,268287,0.878798,2.00724,0.690607,2.17857,0.372589,0.563813,0.256175,0.130256,-0.443597
CSIRO-Mk3L-1-2,piControl,999,14.0412,0.202176,0.541608,0.534729,28.0872,0.206838,1.77375,28.8614,0.326167,1.76591e+06,8.88678,254904,1.14562,1.91091,0.822782,1.84721,0.461683,0.563328,0.336176,0.234689,-0.243127
EC-Earth3-LR,midHolocene-cal-adj,200,13.3157,0.933476,0.496421,0.602431,26.7389,0.255822,2.90371,27.2314,0.555843,2.57523e+06,8.4745,247510,0.469138,2.72556,0.789078,3.29032,0.172232,0.356812,0.198636,-0.322378,-0.765282
EC-Earth3-LR,piControl,200,13.2985,0.429173,0.650358,0.691268,27.151,0.251161,2.17475,27.9739,0.533463,2.4356e+06,8.58768,225986,0.459635,2.48371,0.987196,2.68994,0.214323,0.414702,0.36889,-0.0352837,-0.613077
FGOALS-f3-L,abrupt4xCO2,149,17.8834,0.622143,0.552925,1.30429,30.8915,0.248986,2.49699,31.448,0.600708,2.58395e+06,11.5483,183963,1.12336,3.81677,0.925015,3.96294,0.243847,0.806993,0.537296,-0.124387,-0.797738
FGOALS-f3-L,lig127k-cal-adj,499,12.6165,0.342398,0.571391,1.07971,26.7333,0.224842,3.40238,27.3789,0.538409,2.8596e+06,9.0715,209107,0.896789,3.60696,0.990768,3.19612,0.212416,0.475606,0.566225,0.141769,-0.689518
FGOALS-f3-L,midHolocene-cal-adj,499,12.5715,0.329589,0.663724,1.32186,26.7125,0.263073,2.91621,27.4416,0.599866,2.40161e+06,9.08471,252408,0.98174,3.12146,0.894289,3.10909,0.184504,0.508349,0.590461,0.131284,-0.719108
FGOALS-f3-L,piControl,560,12.8781,0.104471,0.72812,1.34987,27.1844,0.268652,2.05111,28.1075,0.490038,2.41528e+06,10.1567,190748,0.952284,2.98264,0.928788,2.89196,0.24606,0.567104,0.542364,0.214851,-0.595703
FGOALS-g2,abrupt4xCO2,149,18.2332,0.537979,0.315235,0.565466,30.9656,0.161988,1.60404,31.5533,0.314038,2.35396e+06,13.0044,152343,1.08364,2.67359,1.07533,2.39702,0.167547,0.419182,0.229501,-0.310439,-0.767382
FGOALS-g2,lgm-cal-adj,99,8.58476,1.30599,0.257086,0.395681,24.0783,0.163194,2.50272,24.6904,0.340544,2.65803e+06,10.9805,149265,0.772464,2.06437,1.0393,1.84542,0.179752,0.277615,0.209109,-0.459523,-0.750813
FGOALS-g2,midHolocene-cal-adj,679,12.4958,0.53769,0.267088,0.55938,26.2791,0.192273,2.21889,26.9456,0.300667,2.74163e+06,11.0445,223367,0.901013,2.58851,1.09095,2.56773,0.203033,0.311977,0.218021,-0.263524,-0.593141
FGOALS-g2,piControl,699,13.1696,0.453137,0.369218,0.744639,27.1461,0.216287,1.78815,27.8713,0.399136,2.52901e+06,12.4022,219614,1.4371,2.39227,1.15979,2.32072,0.216565,0.365887,0.3853,-0.343945,-0.730234
FGOALS-g3,lig127k-cal-adj,499,14.4609,0.158463,0.36838,0.744687,27.8318,0.206633,2.67808,28.5865,0.407383,3.28743e+06,10.3447,188066,0.661065,2.31664,0.71245,2.18093,0.114513,0.356733,0.373595,-0.271946,-0.75086
FGOALS-g3,midHolocene-cal-adj,499,13.8456,0.224318,0.391848,0.838566,27.6475,0.195473,2.43638,28.4382,0.395376,3.12296e+06,10.6519,194790,0.651155,2.1969,0.653756,2.22068,0.118835,0.343771,0.40162,-0.207327,-0.735551
FGOALS-g3,piControl,499,14.0245,-0.0583432,0.602394,1.02008,28.1606,0.213853,1.56071,29.0462,0.327109,2.71503e+06,12.7069,204345,0.765822,2.24287,0.875443,2.32917,0.177361,0.416176,0.405351,0.0518611,-0.578613
FGOALS-s2,abrupt4xCO2,149,19.4834,0.529959,0.450341,1.35418,31.2956,0.318137,1.95158,31.8847,0.494193,2.71854e+06,6.55394,231403,0.854639,3.49219,1.10826,3.94893,0.248902,0.658125,0.368118,-0.216674,-0.655769
FGOALS-s2,midHolocene-cal-adj,99,13.5477,0.226269,0.682395,1.04283,26.592,0.336221,2.46576,27.508,0.663032,2.85738e+06,5.89326,316920,0.467758,2.78114,0.715666,3.35385,0.219848,0.353367,0.301897,-0.182573,-0.63955
FGOALS-s2,piControl,500,13.6471,-0.212274,0.720591,1.07175,26.9706,0.293091,1.39209,28.1611,0.447696,2.8214e+06,6.47342,235362,0.458208,2.64895,0.938356,2.9151,0.298951,0.41915,0.293923,0.0613601,-0.447798
GISS-E2-1-G,abrupt4xCO2,149,17.9135,0.385612,0.337345,0.94161,31.8492,0.251449,1.37654,32.1951,0.29195,2.42496e+06,9.99436,318589,1.13336,4.08549,2.80413,3.8056,0.360519,0.539012,0.0117216,-0.030869,-0.129084
GISS-E2-1-G,lig127k-cal-adj,99,13.8151,0.324822,0.442162,1.17884,27.9069,0.313204,1.86993,28.3104,0.461831,2.38793e+06,8.49798,312579,1.12708,4.18142,2.42252,3.76769,0.303414,0.421918,0.324256,-0.00190899,-0.453715
GISS-E2-1-G,midHolocene-cal-adj,99,13.4684,0.229336,0.408876,1.12834,27.7255,0.29027,1.34988,28.2138,0.396521,2.3722e+06,9.02772,229238,0.859824,3.49139,2.02264,3.43466,0.286558,0.390225,0.25091,-0.04047,-0.391732
GISS-E2-1-G,piControl,850,13.7963,0.145869,0.469856,1.17505,28.2439,0.303154,0.935787,28.7852,0.338798,2.39431e+06,9.8694,235275,0.876166,3.36117,2.4492,3.20059,0.339944,0.397939,0.346459,0.212482,-0.0952924
GISS-E2-R,abrupt4xCO2,149,17.6697,-0.825488,0.262398,0.297708,30.8622,0.152004,1.08156,31.5287,0.225779,2.19159e+06,10.1199,220215,1.08928,3.66535,3.11395,3.24668,0.321361,0.390251,0.0622448,0.133331,0.00363621
GISS-E2-R,lgm-cal-adj,99,9.47815,0.067656,0.28294,0.361203,25.5155,0.14441,1.1009,26.4399,0.212201,2.10015e+06,9.14182,130133,0.65201,2.47221,2.02907,2.24305,0.198102,0.245826,0.0592395,0.114026,-0.00405329
GISS-E2-R,midHolocene-cal-adj,99,14.2424,-0.644243,0.279587,0.491318,27.5394,0.163103,1.60435,28.1971,0.253072,1.88534e+06,9.45827,222872,1.00614,3.22114,2.06829,3.04386,0.216624,0.288751,0.262005,0.20809,0.0493032
GISS-E2-R,piControl,499,14.2854,-0.830792,0.296394,0.523797,27.8166,0.173543,1.15654,28.455,0.270296,2.02438e+06,11.19,158013,0.836249,3.17892,2.46767,2.90091,0.25264,0.291638,0.248029,0.138335,0.0855713
HadGEM2-CC,midHolocene-cal-adj,34,13.5264,-0.0594074,0.457944,0.684804,26.9738,0.17915,3.31477,27.552,0.389901,2.08082e+06,6.61563,156796,0.526019,2.78283,1.65434,2.51193,0.218355,0.527039,0.320677,-0.0383425,-0.682521
HadGEM2-CC,piControl,239,13.2435,-0.309349,0.56767,0.705724,27.0995,0.200133,2.67672,27.7851,0.412636,2.0827e+06,7.5796,158183,0.502525,2.47034,1.6222,1.8652,0.281574,0.3214,0.257959,-0.00636395,-0.5871
HadGEM2-ES,abrupt4xCO2,149,19.9439,-0.112602,0.414313,0.623474,31.9313,0.151112,2.75141,32.4642,0.31699,2.17928e+06,7.1699,230181,0.524228,3.1632,1.87466,3.07419,0.42435,0.732265,0.033888,0.00555244,-0.622241
HadGEM2-ES,midHolocene-cal-adj,100,14.0502,-0.222724,0.447733,0.647517,27.37,0.155902,3.30703,28.0068,0.366514,2.17259e+06,6.70348,202452,0.462061,2.77945,1.62006,2.62055,0.238915,0.413058,0.29258,-0.0390569,-0.631884
HadGEM2-ES,piControl,335,13.7438,-0.52537,0.589517,0.723614,27.434,0.187283,2.41988,28.1889,0.386723,2.1092e+06,7.71022,152857,0.552248,2.42136,1.52038,1.91169,0.264907,0.320709,0.325911,0.0971828,-0.514571
HadGEM3-GC31-LL,abrupt4xCO2,149,21.4944,0.0932206,0.303308,0.857157,33.6768,0.182257,2.45542,34.2011,0.27761,2.51743e+06,9.98819,358796,0.816125,4.03869,2.30661,4.23141,0.469688,0.66909,0.0243858,0.0292509,-0.300086
HadGEM3-GC31-LL,piControl,99,13.7975,-0.495147,0.481936,0.932783,27.807,0.224041,1.76193,28.6054,0.315398,2.16719e+06,9.57687,221000,0.690544,2.82011,1.60548,2.57285,0.245945,0.507404,0.282955,0.172921,-0.244174
INM-CM4-8,abrupt4xCO2,149,16.7754,-0.385691,0.222308,0.408964,30.0837,0.0983887,1.12705,30.7794,0.155669,2.04619e+06,10.9688,110782,0.384426,4.6849,2.7558,4.66467,0.292866,0.526239,0.221991,0.320574,-0.0317871
INM-CM4-8,lgm-cal-adj,199,9.53617,-0.434137,0.251655,0.533479,25.4919,0.147775,1.45506,26.5256,0.183588,2.14339e+06,8.70645,132745,0.419502,2.54968,1.63383,1.9012,0.239905,0.274643,0.294013,0.531752,0.334294
INM-CM4-8,lig127k-cal-adj,99,13.2407,-0.222642,0.265729,0.504186,27.2459,0.123609,2.46731,27.8081,0.287252,2.2066e+06,8.11684,172613,0.407588,4.21004,2.12618,4.15416,0.264563,0.438124,0.0180703,0.0787231,-0.432008
INM-CM4-8,midHolocene-cal-adj,199,13.0223,-0.496423,0.248676,0.465135,27.0464,0.118863,1.72889,27.7137,0.190959,1.92142e+06,8.06154,184546,0.407069,4.08649,1.93145,4.19163,0.249589,0.435964,0.020525,0.248991,-0.0775655
INM-CM4-8,piControl,530,13.2592,-0.632804,0.239421,0.457265,27.3471,0.118361,1.40715,27.9938,0.175308,1.88829e+06,9.27425,124178,0.429211,4.15689,2.32062,4.25136,0.336685,0.497963,0.203166,0.096792,-0.0800732
IPSL-CM5A-LR,abrupt4xCO2,149,17.7561,0.218531,0.39525,0.684596,31.7706,0.204036,1.20002,32.8068,0.289991,2.98344e+06,7.18845,224628,0.517497,1.84342,0.515095,2.94909,0.19487,0.494528,0.240079,0.257079,0.0754936
IPSL-CM5A-LR,lgm-cal-adj,199,7.43385,0.144233,0.541144,0.905677,23.5667,0.273654,2.47741,24.7705,0.40239,2.3085e+06,6.19939,250678,0.498328,1.04238,0.439564,1.23379,0.136568,0.277213,0.431014,0.545877,0.261655
IPSL-CM5A-LR,midHolocene-cal-adj,499,12.0081,6.92629e-05,0.486644,0.565198,26.3019,0.19167,1.95288,27.336,0.331557,2.82872e+06,6.01581,200844,0.413598,2.02043,0.506242,3.02741,0.136345,0.350026,0.312175,0.237063,-0.130104
IPSL-CM5A-LR,piControl,999,12.0334,-0.242836,0.485434,0.683329,26.6009,0.204937,1.28205,27.7345,0.295147,2.73841e+06,6.31528,215668,0.404496,1.69769,0.580532,2.47574,0.193465,0.414185,0.394862,0.479404,0.29456
IPSL-CM6A-LR,abrupt4xCO2,149,19.7873,0.234883,0.44338,1.26075,32.8228,0.244951,2.6557,33.5196,0.611029,2.8144e+06,11.1506,191391,0.535266,3.88659,1.90675,4.88626,0.430501,0.498877,0.438488,-0.0310447,-0.571792
IPSL-CM6A-LR,lig127k-cal-adj,549,12.7771,-0.178968,0.473162,0.806532,26.8692,0.219827,3.40997,27.4239,0.559933,2.68748e+06,8.72075,147292,0.545664,3.60822,1.27664,4.27442,0.470947,0.331203,0.388454,-0.171752,-0.629674
IPSL-CM6A-LR,midHolocene-cal-adj,549,12.418,-0.438318,0.500956,0.927989,26.6654,0.204981,2.50317,27.5397,0.450236,2.61424e+06,8.51144,176689,0.510101,3.11617,0.971255,4.13952,0.257076,0.34559,0.297502,0.135048,-0.428291
IPSL-CM6A-LR,piControl,1199,12.7134,-0.75432,0.406045,0.975408,27.1068,0.211107,1.67225,28.1162,0.302992,2.65363e+06,9.09873,163775,0.481935,3.03476,1.26502,3.79092,0.27797,0.412915,0.314242,0.436467,0.280035
MIROC-ES2L,abrupt4xCO2,149,19.0468,-1.03768,0.593923,1.53666,30.8276,0.466274,2.28455,31.9992,0.514343,2.54694e+06,8.21328,218261,0.644791,4.24814,2.84003,3.81813,0.382987,0.484197,0.374344,0.507999,0.373452
MIROC-ES2L,lgm-cal-adj,99,10.9352,-1.18748,0.439928,1.02905,25.1547,0.335082,3.37475,26.4323,0.466653,2.44814e+06,6.51565,233538,0.423108,2.69704,1.78643,1.84163,0.309186,0.291775,0.207369,0.371036,0.295765
MIROC-ES2L,lig127k-cal-adj,99,14.7248,-0.986479,0.478877,0.543613,26.7637,0.220226,1.77142,28.0086,0.338262,2.95284e+06,7.45432,154232,0.43814,4.17814,3.02136,3.48408,0.306526,0.317957,0.166926,0.0620066,-0.20497
MIROC-ES2L,midHolocene-cal-adj,99,14.5749,-1.13595,0.442685,0.749171,26.7821,0.292312,2.72041,28.0051,0.419307,2.5291e+06,7.03849,251749,0.362628,3.75897,2.52587,3.0147,0.264311,0.274998,0.128756,0.268163,0.216869
MIROC-ES2L,piControl,499,14.9837,-1.39093,0.450318,1.1859,27.3065,0.375999,3.0409,28.5046,0.503812,2.47497e+06,7.34,211047,0.422479,3.83126,2.71501,2.88046,0.358192,0.331404,0.202516,0.234797,0.196526
MIROC-ESM,abrupt4xCO2,148,19.9351,-0.296297,0.201834,0.421131,32.1281,0.118502,0.821445,32.7465,0.161623,2.40228e+06,8.01008,137569,0.471986,3.4662,1.22631,3.8797,0.387364,0.350249,0.0621411,0.371149,-0.193502
MIROC-ESM,lgm-cal-adj,99,8.59001,-0.522556,0.555232,0.547678,25.0103,0.197998,1.48577,26.6067,0.31348,2.61232e+06,7.1249,165954,0.396488,2.72551,1.69113,2.71532,0.308819,0.353014,0.107083,0.0707745,-0.310283
MIROC-ESM,midHolocene-cal-adj,99,13.4012,-1.07115,0.312618,0.403423,26.7531,0.16435,1.41154,27.9226,0.210214,2.34227e+06,7.38215,175985,0.383529,3.56547,1.18899,3.55693,0.239916,0.291186,-0.0716687,0.231753,-0.295779
MIROC-ESM,piControl,629,13.5989,-1.11836,0.344251,0.469531,27.1255,0.197545,1.73219,28.3416,0.251869,2.29135e+06,7.85542,141812,0.358053,3.4287,1.38228,3.60193,0.33258,0.33792,0.00995562,0.155105,-0.276916
MPI-ESM-P,abrupt4xCO2,149,19.3522,-0.0441668,0.708537,1.18833,31.9248,0.336566,1.57701,32.7618,0.465356,3.55644e+06,8.51341,345726,0.621626,2.67745,1.04521,3.36112,0.320953,0.441363,0.330345,0.316676,-0.380281
MPI-ESM-P,lgm-cal-adj,99,9.22842,-0.579952,0.408645,0.789227,25.005,0.279852,2.35276,26.176,0.320185,3.32505e+06,5.72511,231917,0.267059,2.19162,1.09803,1.91008,0.295291,0.321711,0.267553,0.437433,0.300776
MPI-ESM-P,midHolocene-cal-adj,99,13.4629,-0.68779,0.629133,0.665354,26.7586,0.238751,1.46716,27.749,0.318343,3.22942e+06,6.25602,255127,0.369026,2.80627,1.13648,2.9313,0.266931,0.336252,0.299439,0.152378,-0.31889
MPI-ESM-P,piControl,1155,13.644,-0.794155,0.534669,0.757,27.1021,0.273479,1.9104,28.1154,0.314139,3.36488e+06,6.82075,295437,0.372445,2.5268,1.10558,2.48245,0.303763,0.364858,0.333987,0.403741,0.151371
MPI-ESM1-2-LR,abrupt4xCO2,149,18.4086,-0.497712,0.547401,0.9726,30.6329,0.270533,1.7346,31.7517,0.339881,3.61504e+06,8.55108,339973,0.460366,3.11362,1.19553,3.75653,0.406933,0.390721,0.481703,0.425268,0.0648494
MPI-ESM1-2-LR,lig127k-cal-adj,99,13.5735,-0.594594,0.679998,0.599467,26.689,0.239041,1.21474,27.7841,0.458968,3.78572e+06,7.93256,156476,0.370653,3.34203,1.51487,3.4644,0.296189,0.364547,0.0812024,-0.242015,-0.63667
MPI-ESM1-2-LR,midHolocene-cal-adj,499,13.2318,-0.898723,0.53732,0.660445,26.4142,0.239016,1.67163,27.6161,0.330263,3.6094e+06,7.13679,251217,0.353356,2.59836,0.957583,2.90876,0.227648,0.327637,0.136171,0.142356,-0.0536787
MPI-ESM1-2-LR,piControl,999,13.5333,-0.995057,0.48498,0.795756,26.7902,0.271074,1.97872,27.9791,0.349111,3.35893e+06,7.50575,270026,0.41533,2.3826,0.908865,2.4212,0.276106,0.334809,0.213858,0.261114,0.145754
MRI-CGCM3,abrupt4xCO2,149,17.9053,0.394241,0.355149,0.875352,30.8516,0.212143,1.30385,31.2749,0.317384,2.50576e+06,10.3626,287926,0.91465,2.2539,1.44362,2.49083,0.2554,0.572498,0.446913,-0.00685133,-0.452544
MRI-CGCM3,lgm-cal-adj,99,8.90489,0.297335,0.42509,0.57653,24.7894,0.189866,1.70993,25.3976,0.286902,2.09196e+06,7.69099,158821,0.534249,1.10104,0.452961,1.24554,0.125079,0.254281,0.268309,0.0399463,-0.505625
MRI-CGCM3,midHolocene-cal-adj,99,13.6235,0.381958,0.359148,0.666212,26.954,0.183484,1.67611,27.4351,0.355105,2.42322e+06,8.44314,299322,0.700152,1.89779,0.633983,2.17521,0.155457,0.365935,0.432219,0.0230487,-0.630461
MRI-CGCM3,piControl,499,13.5892,0.180089,0.350015,0.601436,27.3139,0.185344,1.60746,27.9204,0.290561,2.07536e+06,9.75794,226924,0.838005,1.59869,0.82532,1.75597,0.21088,0.361809,0.361586,0.0871739,-0.43229
MRI-ESM2-0,abrupt4xCO2,149,18.535,0.64854,0.405232,1.0666,31.5892,0.230264,2.18883,32.0235,0.416844,2.57711e+06,9.09927,291323,0.705885,2.77988,1.74045,2.87237,0.281143,0.559313,0.291851,0.0324621,-0.425628
MRI-ESM2-0,midHolocene-cal-adj,199,13.6988,0.577674,0.423545,0.710275,27.2824,0.196373,2.21331,27.7363,0.427041,2.99716e+06,9.02703,252358,0.533797,2.59944,1.14008,2.96419,0.240143,0.46267,0.388075,-0.139809,-0.620957
MRI-ESM2-0,piControl,700,13.8211,0.468594,0.583467,0.904119,27.7424,0.222576,1.99689,28.3094,0.517421,2.76602e+06,9.0775,300182,0.676067,2.41545,1.29554,2.31937,0.281651,0.397973,0.383197,-0.166198,-0.690751
NESM3,abrupt4xCO2,149,20.673,0.312201,0.499628,0.712287,32.1517,0.239542,2.00007,32.6734,0.427674,3.54083e+06,11.773,160195,0.547111,4.23964,1.52766,6.3763,0.42375,0.640563,0.250296,-0.061962,-0.612923
NESM3,lig127k-cal-adj,99,14.0017,0.306844,0.440248,0.535736,27.0363,0.235185,2.40775,27.4752,0.390763,3.95676e+06,10.7535,142712,0.454109,3.74441,1.35318,4.93037,0.333313,0.423801,0.0150512,0.00609881,-0.455648
NESM3,midHolocene-cal-adj,99,13.5297,0.19724,0.446912,0.63062,26.6405,0.234331,2.2686,27.2714,0.362492,3.39585e+06,9.40269,186550,0.453602,3.13763,0.945205,4.33614,0.238729,0.416821,0.154457,-0.0162166,-0.485922
NESM3,piControl,99,13.7292,0.136721,0.49988,0.695554,26.9758,0.244301,1.87674,27.6917,0.379956,3.39717e+06,10.2471,169754,0.458044,3.0878,1.1386,3.81982,0.328739,0.428746,0.198437,0.0384512,-0.442649
NorESM1-F,lig127k-cal-adj,199,14.387,-0.0620981,0.330971,0.474652,27.483,0.176473,1.73528,28.2288,0.321869,3.56227e+06,8.42285,218596,0.547423,4.11368,1.14502,4.40615,0.241536,0.442428,0.194809,-0.151094,-0.480993
NorESM1-F,midHolocene-cal-adj,199,14.2065,0.00841286,0.364197,0.538011,27.5638,0.170274,1.3506,28.4098,0.322671,3.07329e+06,7.8721,284589,0.601721,3.62172,1.04,4.15372,0.205954,0.494376,0.42875,-0.0767525,-0.554733
NorESM1-F,piControl,199,14.5066,-0.142199,0.414854,0.598274,27.8518,0.192076,0.926319,28.7761,0.308158,3.04532e+06,8.43897,305248,0.587654,3.59805,1.24855,3.83076,0.308992,0.542295,0.391382,0.00281429,-0.431125
NorESM2-LM,abrupt4xCO2,149,19.5111,-0.265488,0.488953,1.72783,32.4361,0.394123,1.24571,33.5643,0.433188,3.05384e+06,8.45733,434666,0.78436,3.26154,0.985797,3.7107,0.263628,1.06311,0.429019,0.235844,-0.062682
NorESM2-LM,lig127k-cal-adj,99,14.526,-0.866023,0.594654,1.24855,28.2347,0.288345,1.08265,29.5236,0.42916,3.64268e+06,8.49719,286039,0.800158,3.42671,1.04097,3.78455,0.201867,1.01735,0.393653,0.201451,0.16208
NorESM2-LM,midHolocene-cal-adj,99,14.3075,-0.990674,0.565511,1.47751,28.1033,0.333374,1.26966,29.3879,0.444251,3.26657e+06,7.90602,385559,0.694561,2.75718,0.894093,2.9208,0.19165,0.759172,0.474825,0.466653,0.44108
NorESM2-LM,piControl,390,14.466,-1.10548,0.491317,1.27502,28.4334,0.284314,1.37142,29.6609,0.404535,3.10967e+06,8.54277,387283,0.647793,2.42725,0.778124,2.32635,0.237244,0.656885,0.314696,0.368511,0.354705
UofT-CCSM-4,lgm-cal-adj,99,7.3376,-0.0507633,0.620467,0.631806,25.1363,0.211692,1.22349,26.2782,0.391136,2.31253e+06,7.67065,193663,0.349081,3.0425,1.4041,3.20134,0.346981,0.471741,0.420618,0.257482,-0.229737
UofT-CCSM-4,midHolocene-cal-adj,99,12.5041,0.076723,0.451221,0.605582,26.8916,0.201354,2.41072,27.6793,0.385738,2.46585e+06,8.35719,181719,0.505998,3.53778,1.09594,4.18033,0.310361,0.391048,0.484984,-0.0824014,-0.652637
UofT-CCSM-4,piControl,99,12.6076,-0.214993,0.522256,0.768866,27.2764,0.20504,1.32884,28.2016,0.336472,2.2958e+06,8.64691,167571,0.487147,3.63927,1.51943,4.03955,0.471142,0.459011,0.465509,0.133297,-0.381521
